{"stats":{"minecraft:picked_up":{"biomesoplenty:redwood_log":20,"born_in_chaos_v1:corpse_maggot":1,"born_in_chaos_v1:diamond_termite_shard":4,"minecraft:dark_oak_button":2,"minecraft:andesite":71,"luckys_armory:heavy_netherite_armor_leggings":1,"born_in_chaos_v1:black_argillite_brick_wall":1,"luckys_armory:heavy_netherite_armor_boots":1,"minecraft:tuff":20,"create:raw_zinc":1,"minecraft:chain":1,"born_in_chaos_v1:black_argillite":6,"minecraft:lapis_lazuli":7,"minecraft:dirt":36,"minecraft:raw_copper":8,"minecraft:lantern":1,"alexscaves:nuclear_furnace_component":1,"create:limestone":1,"minecraft:bone":2,"minecraft:cobbled_deepslate":272,"minecraft:bell":1,"minecraft:andesite_stairs":1,"minecraft:calcite":1,"minecraft:raw_iron":5,"minecraft:sandstone":4,"luckys_armory:heavy_netherite_armor_helmet":1,"minecraft:oak_fence":3,"alexscaves:uranium":27,"minecraft:gravel":4,"minecraft:porkchop":4,"minecraft:sand":5,"burnt:burnt_dirt":5,"minecraft:diorite":38,"born_in_chaos_v1:pieceofdarkmetal":1,"minecraft:barrel":1,"quark:jasper":4,"minecraft:rotten_flesh":2,"minecraft:granite":29,"minecraft:gray_wool":1,"luckys_armory:heavy_netherite_armor_chestplate":1,"biomesoplenty:redwood_sapling":1,"irons_spellbooks:arcane_debris":1,"minecraft:oak_sapling":1,"alexscaves:uranium_shard":13,"minecraft:mutton":1,"minecraft:coal":2,"minecraft:cobblestone":354},"minecraft:mined":{"biomesoplenty:redwood_log":21},"minecraft:used":{"irons_spellbooks:inscription_table":2,"cataclysm:ignitium_boots":2,"minecraft:water_bucket":159,"enlightened_end:nuclear_bomb":3,"irons_spellbooks:archevoker_leggings":1,"depthcrawler:true_tenebris":112,"minecraft:flint_and_steel":76,"minecraft:ender_pearl":3,"minecraft:chest":1,"tombstone:scroll_of_aquatic_life":4,"irons_spellbooks:archevoker_boots":1,"minecraft:campfire":8,"minecraft:tuff":60,"alexscaves:waste_drum":3,"minecraft:milk_bucket":3,"born_in_chaos_v1:supreme_measure":4,"minecraft:firework_rocket":522,"cataclysm:ignitium_leggings":2,"irons_spellbooks:archevoker_chestplate":1,"cataclysm:ignitium_helmet":2,"irons_spellbooks:archevoker_helmet":1,"cataclysm:ignitium_chestplate":1,"tombstone:gift":2,"alexscaves:nuclear_bomb":158,"cataclysm:ignitium_elytra_chestplate":3},"minecraft:dropped":{"tombstone:grave_dust":1},"minecraft:custom":{"minecraft:mob_kills":10,"minecraft:open_barrel":4,"minecraft:damage_dealt_resisted":55,"minecraft:leave_game":2,"minecraft:time_since_death":1866,"minecraft:time_since_rest":1,"minecraft:sprint_one_cm":43659,"minecraft:walk_one_cm":92108,"minecraft:drop":1,"minecraft:damage_dealt":12612,"tombstone:cast_on_ally":0,"minecraft:swim_one_cm":3636,"minecraft:fly_one_cm":497378,"minecraft:open_chest":5,"minecraft:crouch_one_cm":1777,"minecraft:play_time":83498,"tombstone:undead_killed":1,"minecraft:deaths":2,"minecraft:sneak_time":2745,"minecraft:walk_under_water_one_cm":25345,"minecraft:aviate_one_cm":2758533,"minecraft:jump":390,"minecraft:walk_on_water_one_cm":13177,"minecraft:total_world_time":83498},"minecraft:killed":{"minecraft:pig":1,"minecraft:hoglin":2,"alexscaves:tremorzilla":1,"minecraft:chicken":1,"minecraft:wither_skeleton":1}},"DataVersion":3465}