{"stats":{"minecraft:dropped":{"minecraft:wheat_seeds":1,"minecraft:grass_block":1,"minecraft_121_update:copperlock_unlock":1,"globalxp:xp_block":6,"regions_unexplored:white_magnolia_shrub":1,"irons_spellbooks:iron_spell_book":7,"regions_unexplored:white_magnolia_leaves":1},"minecraft:used":{"bakery:linzer_tart":9,"minecraft:cooked_mutton":2,"minecraft:netherite_sword":23,"dungeonsweaponry:glaive":28,"securitycraft:keypad_chest":14,"quark:crab_leg":1,"minecraft:wooden_pickaxe":28,"regions_unexplored:magnolia_sapling":5,"simpleshops:simple_shop":3,"minecraft:crafting_table":2,"minecraft:hopper":20,"farmersdelight:steak_and_potatoes":1,"regions_unexplored:magnolia_planks":68,"regions_unexplored:magnolia_log":1,"minecraft:warped_planks":7,"regions_unexplored:magnolia_branch":2,"enemyexpansion:silverhead_helmet":1,"minecraft_121_update:copperlock_unlock":5,"securitycraft:secret_spruce_sign_item":9,"alexsmobs:straddleboard":1,"regions_unexplored:white_magnolia_sapling":5,"quark:spruce_chest":8,"minecraft:grass_block":9,"alexsmobs:spawn_egg_grizzly_bear":2,"regions_unexplored:bamboo_log":7,"simpleshops:creative_simple_shop":2,"minecraft:stone_axe":2,"regions_unexplored:white_magnolia_leaves":3,"minecraft:bamboo":2,"create:experience_block":26,"minecraft:cobblestone":9,"bakery:linzer_tart_slice":2,"tombstone:gift":2,"quark:oak_chest":8,"minecraft:cooked_beef":1,"minecraft:bamboo_planks":24},"minecraft:killed":{"minecraft:pig":1,"born_in_chaos_v1:restless_spirit":1,"alexsmobs:raccoon":1,"minecraft:creeper":2,"born_in_chaos_v1:maggot":2,"minecraft:skeleton":1,"minecraft:zombie":7,"born_in_chaos_v1:corpse_fly":1,"enemyexpansion:huntsman":1,"alexsmobs:fly":1,"minecraft:cow":1,"enemyexpansion:wasp":2,"enemyexpansion:slugger":1},"minecraft:picked_up":{"quark:crab_leg":1,"born_in_chaos_v1:corpse_maggot":2,"minecraft:iron_chestplate":3,"minecraft:cooked_beef":1,"minecraft:suspicious_stew":2,"regions_unexplored:magnolia_log":35,"minecraft:leather":2,"aether:iron_gloves":3,"minecraft:potato":2,"securitycraft:keypad_chest":6,"minecraft:dirt":7,"minecraft:moss_carpet":1,"tombstone:gift":1,"shieldexp:wooden_shield":1,"minecraft:cooked_mutton":2,"minecraft:stripped_bamboo_block":2,"bakery:linzer_tart":7,"minecraft:bone":2,"irons_spellbooks:iron_spell_book":3,"create:crushed_raw_iron":2,"mca:rose_gold_ingot":1,"minecraft:bow":1,"minecraft:wheat_seeds":1,"regions_unexplored:bamboo_sapling":3,"minecraft:beef":1,"alexsmobs:raccoon_tail":1,"minecraft:bamboo":2,"minecraft:iron_sword":1,"minecraft:diamond_hoe":1,"regions_unexplored:bamboo_log":23,"bakery:linzer_tart_slice":2,"minecraft:stick":5,"regions_unexplored:white_magnolia_sapling":5,"farmersdelight:steak_and_potatoes":1,"born_in_chaos_v1:ethereal_spirit":2,"regions_unexplored:oak_shrub":1,"minecraft:porkchop":3,"minecraft:spruce_log":2,"minecraft:grass_block":1,"regions_unexplored:purple_coneflower":3,"travelersbackpack:standard":3,"minecraft:arrow":3,"minecraft:rotten_flesh":10,"securitycraft:secret_spruce_sign_item":2,"alexsmobs:straddleboard":1,"minecraft:iron_helmet":3,"minecraft:gold_ingot":3,"alexsmobs:maggot":1,"regions_unexplored:magnolia_sapling":5,"minecraft:coal":3,"minecraft:hopper":3,"minecraft:cobblestone":17,"minecraft:ender_pearl":3},"minecraft:crafted":{"minecraft:crafting_table":3,"minecraft:spruce_planks":8,"minecraft:wooden_pickaxe":1,"create:experience_nugget":342,"minecraft:bamboo_planks":32,"travelersbackpack:gold":1,"minecraft:stick":12,"dungeonsweaponry:glaive":1,"regions_unexplored:magnolia_branch":2,"regions_unexplored:magnolia_planks":128},"minecraft:custom":{"minecraft:mob_kills":23,"minecraft:inspect_hopper":3,"minecraft:interact_with_crafting_table":4,"minecraft:damage_dealt_resisted":5,"minecraft:leave_game":1,"minecraft:time_since_death":3584,"minecraft:time_since_rest":3360,"minecraft:sprint_one_cm":157414,"minecraft:damage_taken":2380,"minecraft:walk_one_cm":109212,"minecraft:drop":18,"minecraft:damage_dealt":3497,"minecraft:fly_one_cm":735486,"minecraft:open_chest":34,"minecraft:crouch_one_cm":3734,"minecraft:play_time":102244,"tombstone:undead_killed":10,"minecraft:deaths":7,"minecraft:sneak_time":1634,"minecraft:jump":1725,"minecraft:total_world_time":102244,"minecraft:fall_one_cm":35099},"minecraft:mined":{"regions_unexplored:magnolia_log":35,"minecraft:grass_block":3,"minecraft:tall_grass":1,"minecraft:cobblestone":1,"regions_unexplored:purple_coneflower":2,"minecraft:spruce_leaves":2,"regions_unexplored:bamboo_log":26,"minecraft:spruce_log":2,"minecraft:grass":2,"regions_unexplored:oak_shrub":1,"minecraft:coal_ore":3,"minecraft:dirt":4,"regions_unexplored:medium_grass":7,"minecraft:bamboo":22,"minecraft:stone":16}},"DataVersion":3465}