{"stats":{"minecraft:picked_up":{"born_in_chaos_v1:corpse_maggot":2,"born_in_chaos_v1:diamond_termite_shard":2,"minecraft:wheat":2,"minecraft:dark_oak_button":1,"minecraft:andesite":35,"immersive_aircraft:warship":2,"regions_unexplored:silt_dirt":1,"minecraft:potato":1,"minecraft:flint":3,"minecraft:oak_log":2,"minecraft:tuff":11,"create:raw_zinc":2,"depthcrawler:greenshard":2,"born_in_chaos_v1:black_argillite_button":3,"regions_unexplored:red_maple_leaf_pile":3,"minecraft:dirt":74,"minecraft:string":4,"minecraft:lantern":1,"minecraft:raw_copper":8,"minecraft:bone":5,"minecraft:stone_bricks":1,"regions_unexplored:red_maple_shrub":2,"minecraft:wheat_seeds":10,"minecraft:cobbled_deepslate":289,"minecraft:cobweb":9,"minecraft:rose_bush":2,"minecraft:calcite":1,"minecraft:stick":2,"minecraft:raw_iron":1,"minecraft:sandstone":15,"born_in_chaos_v1:shattered_skull":1,"immersive_aircraft:sturdy_pipes":2,"born_in_chaos_v1:ethereal_spirit":1,"minecraft:gravel":5,"minecraft:porkchop":6,"minecraft:sand":16,"born_in_chaos_v1:dark_rod":2,"burnt:burnt_dirt":2,"tombstone:grave_dust":1,"minecraft:stripped_spruce_log":1,"minecraft:diorite":14,"born_in_chaos_v1:pieceofdarkmetal":5,"minecraft:carrot":2,"minecraft:barrel":1,"minecraft:tnt":128,"minecraft:polished_andesite":2,"minecraft:pumpkin_seeds":12,"minecraft:arrow":124,"minecraft:beetroot_seeds":3,"minecraft:granite":13,"create:asurine":3,"enderitemod:enderite_chestplate":1,"born_in_chaos_v1:spiny_shell":4,"luckys_armory:heavy_netherite_armor_chestplate":2,"born_in_chaos_v1:rotten_fish":1,"minecraft:bread":1,"burnt:geyser_block_medium":1,"minecraft:oak_sapling":2,"minecraft:coal":9,"minecraft:cobblestone":184,"burnt:burnt_stairs":1},"minecraft:used":{"minecraft:spider_spawn_egg":1,"burnt:geyser_block_medium":10,"minecraft:water_bucket":10,"minecraft:netherite_sword":29,"create:crushing_wheel":1,"minecraft_121_update:trial_vault_off":1,"alexscaves:spawn_egg_tremorzilla":1,"create:veridium":3,"minecraft:ender_pearl":3,"alexscaves:depth_charge":29,"burnt:hot_spring_water_bucket":1,"luckys_armory:heavy_netherite_armor_chestplate":2,"immersive_aircraft:warship":6,"alexscaves:tremorzilla_egg":3,"minecraft:tnt":1,"create:encased_fan":1,"create:cogwheel":15,"mca:female_villager_spawn_egg":9,"minecraft:campfire":1,"born_in_chaos_v1:missionary_hat_helmet":1,"minecraft:granite":19,"born_in_chaos_v1:supreme_measure":3,"create:linear_chassis":1,"enderitemod:enderite_chestplate":1,"irons_spellbooks:arcane_debris":2,"minecraft_121_update:ominous_trial_enchanteroff":1,"minecraft:bucket":1,"create:vertical_gearbox":1,"alexscaves:nuclear_bomb":5,"minecraft:cobbled_deepslate":10,"create:large_cogwheel":3},"minecraft:custom":{"minecraft:mob_kills":17,"minecraft:animals_bred":1,"minecraft:damage_dealt_resisted":347,"minecraft:leave_game":2,"minecraft:time_since_death":17680,"minecraft:time_since_rest":16520,"minecraft:sprint_one_cm":80040,"minecraft:damage_taken":225,"minecraft:walk_one_cm":234350,"minecraft:drop":29,"minecraft:damage_dealt":8245,"minecraft:fly_one_cm":1863333,"minecraft:open_chest":1,"minecraft:crouch_one_cm":628,"minecraft:play_time":79053,"minecraft:deaths":1,"tombstone:undead_killed":5,"minecraft:sneak_time":1209,"minecraft:walk_under_water_one_cm":60243,"minecraft:jump":1029,"minecraft:walk_on_water_one_cm":53803,"minecraft:total_world_time":79053},"minecraft:dropped":{"minecraft:gravel":1,"alexscaves:nuclear_furnace_component":1,"burnt:geyser_block_medium":2,"minecraft:oak_log":1,"minecraft:deepslate_diamond_ore":2,"luckys_armory:heavy_netherite_armor_helmet":2,"minecraft:cobblestone":5,"minecraft:dark_oak_button":1,"minecraft:granite":1,"luckys_armory:heavy_netherite_armor_chestplate":3,"born_in_chaos_v1:missionary_hat_helmet":1,"mca:female_villager_spawn_egg":1,"luckys_armory:heavy_netherite_armor_boots":2,"born_in_chaos_v1:infected_deepslate_diamond_ore":1,"create:veridium":1,"enderitemod:enderite_chestplate":1,"minecraft:rose_bush":1,"luckys_armory:heavy_netherite_armor_leggings":2,"irons_spellbooks:arcane_debris":1,"minecraft:oak_sapling":1,"bakery:wild_strawberries":1,"depthcrawler:greenshard":1},"minecraft:killed":{"minecraft:cave_spider":2,"minecraft:pig":1,"minecraft:spider":1,"born_in_chaos_v1:thornshell_crab":1,"born_in_chaos_v1:decrepit_skeleton":1,"born_in_chaos_v1:maggot":2,"born_in_chaos_v1:zombie_fisherman":1,"minecraft:zombie":3,"depthcrawler:deep":2,"alexscaves:tremorzilla":1,"born_in_chaos_v1:corpse_fly":1}},"DataVersion":3465}