{"stats":{"minecraft:used":{"minecraft:oak_planks":1},"minecraft:dropped":{"minecraft:poppy":1,"minecraft:oak_planks":1},"minecraft:killed":{"minecraft:pig":1},"minecraft:picked_up":{"minecraft:porkchop":2,"minecraft:poppy":1,"minecraft:carrot":1,"minecraft:oak_planks":1},"minecraft:custom":{"minecraft:open_chest":1,"minecraft:time_since_rest":25866,"minecraft:crouch_one_cm":261,"minecraft:play_time":30868,"minecraft:sprint_one_cm":27638,"minecraft:walk_one_cm":51882,"minecraft:sneak_time":131,"minecraft:mob_kills":1,"minecraft:drop":2,"minecraft:jump":119,"minecraft:damage_dealt":100,"minecraft:leave_game":1,"minecraft:time_since_death":30868,"minecraft:sleep_in_bed":1,"minecraft:total_world_time":30868,"minecraft:talked_to_villager":1,"minecraft:fly_one_cm":16218}},"DataVersion":3465}