{"stats":{"minecraft:picked_up":{"minecraft:shulker_shell":2,"minecraft:stick":4,"luckys_armory:heavy_netherite_armor_helmet":1,"minecraft:dark_oak_slab":2,"minecraft:end_stone":2,"born_in_chaos_v1:shattered_skull":1,"regions_unexplored:silver_birch_leaf_pile":2,"irons_spellbooks:frozen_bone":4,"born_in_chaos_v1:spiritual_dust":3,"born_in_chaos_v1:seedof_chaos":3,"luckys_armory:heavy_netherite_armor_leggings":1,"born_in_chaos_v1:orbofthe_summoner":1,"regions_unexplored:silt_dirt":3,"minecraft:red_mushroom":3,"minecraft:potato":3,"born_in_chaos_v1:black_argillite_brick_wall":1,"born_in_chaos_v1:pileof_dark_metal":1,"luckys_armory:heavy_netherite_armor_boots":1,"minecraft:chain":1,"minecraft:diorite":3,"born_in_chaos_v1:pieceofdarkmetal":8,"minecraft:dark_oak_log":2,"minecraft:string":7,"minecraft:dirt":6,"minecraft:raw_copper":5,"born_in_chaos_v1:monster_skin":4,"minecraft:bundle":1,"minecraft:arrow":2,"minecraft:bone":21,"minecraft:weeping_vines":1,"minecraft:rotten_flesh":6,"minecraft:apple":1,"minecraft:diamond":7,"minecraft:iron_ingot":39,"born_in_chaos_v1:smoked_flesh":4,"minecraft:granite":3,"regions_unexplored:maple_leaf_pile":3,"regions_unexplored:maple_log":3,"luckys_armory:heavy_netherite_armor_chestplate":1,"minecraft:gold_ingot":15,"minecraft:emerald":13,"minecraft:leather_horse_armor":1,"minecraft:chest":1,"minecraft:crimson_roots":1,"minecraft:cobblestone":107,"minecraft:egg":1},"minecraft:used":{"depthcrawler:true_tenebris":58,"minecraft:flint_and_steel":13,"luckys_armory:heavy_netherite_armor_chestplate":1,"minecraft:potion":3,"depthcrawler:tenebris_vorpus":7,"born_in_chaos_v1:black_argillite_brick_slab":17,"alexscaves:nuclear_bomb":3,"minecraft:end_stone":44,"mtmechs:ma_whole_item":1},"minecraft:dropped":{"minecraft:end_stone":1,"luckys_armory:heavy_netherite_armor_chestplate":1},"minecraft:custom":{"minecraft:time_since_rest":1,"minecraft:sprint_one_cm":78399,"minecraft:walk_one_cm":119741,"minecraft:mob_kills":11,"minecraft:drop":2,"minecraft:damage_dealt":4338,"minecraft:swim_one_cm":1073,"minecraft:fly_one_cm":419915,"minecraft:open_barrel":5,"minecraft:open_chest":11,"minecraft:crouch_one_cm":3168,"minecraft:deaths":1,"minecraft:play_time":28682,"tombstone:undead_killed":8,"minecraft:sneak_time":1306,"minecraft:walk_under_water_one_cm":600,"minecraft:jump":634,"minecraft:damage_dealt_resisted":4662,"minecraft:leave_game":1,"minecraft:time_since_death":817,"minecraft:walk_on_water_one_cm":3573,"minecraft:climb_one_cm":356,"minecraft:total_world_time":28682},"minecraft:killed":{"minecraft:zombie":3,"born_in_chaos_v1:bonescaller_not_despawn":1,"minecraft:stray":1,"minecraft:spider":1,"born_in_chaos_v1:supreme_bonescaller_stage_2":1,"minecraft:wither_skeleton":1,"born_in_chaos_v1:skeleton_thrasher_not_despawn":1,"minecraft:shulker":2}},"DataVersion":3465}