{
  "morevillagers:root": {
    "criteria": {
      "always": "2024-06-19 02:31:20 +0000"
    },
    "done": true
  },
  "stellarity:dragons_den/cursed_tome/root": {
    "criteria": {
      "requirement": "2024-06-19 02:31:20 +0000"
    },
    "done": true
  },
  "knize1007:hostilemobs": {
    "criteria": {
      "tick": "2024-06-19 02:31:20 +0000"
    },
    "done": true
  },
  "dungeons_arise:wda_root": {
    "criteria": {
      "WDA": "2024-06-19 02:31:20 +0000"
    },
    "done": true
  },
  "knize1007:root": {
    "criteria": {
      "tick": "2024-06-19 02:31:20 +0000"
    },
    "done": true
  },
  "choups_drakvyrn_mod:choups_drakvyrn_mod_advancement": {
    "criteria": {
      "choups_drakvyrn_mod_advancement_0": "2024-06-19 02:31:20 +0000"
    },
    "done": true
  },
  "stellarity:cursed_tome/root": {
    "criteria": {
      "requirement": "2024-06-19 02:31:20 +0000"
    },
    "done": true
  },
  "travelersbackpack:standard_from_custom": {
    "criteria": {
      "has_the_recipe": "2024-06-19 02:31:20 +0000"
    },
    "done": true
  },
  "mca:recipes/building_blocks/headstones": {
    "criteria": {
      "has_the_slanted_recipe": "2024-06-19 02:31:20 +0000"
    },
    "done": true
  },
  "born_in_chaos_v1:bornin_chaos": {
    "criteria": {
      "bornin_chaos_0": "2024-06-19 02:31:20 +0000"
    },
    "done": true
  },
  "cataclysm:root": {
    "criteria": {
      "custom_test_name": "2024-06-19 02:31:20 +0000"
    },
    "done": true
  },
  "irons_spellbooks:grant_patchouli": {
    "criteria": {
      "tick": "2024-06-19 02:31:20 +0000"
    },
    "done": true
  },
  "immersivecaves:immersive_caves": {
    "criteria": {
      "immersive_caves_0": "2024-06-19 02:31:20 +0000"
    },
    "done": true
  },
  "incendium:technical/new_player": {
    "criteria": {
      "requirement": "2024-06-19 02:31:20 +0000"
    },
    "done": true
  },
  "incendium:technical/scroll_of_returning": {
    "criteria": {
      "log_spam_fixer": "2024-06-19 02:31:22 +0000"
    },
    "done": false
  },
  "incendium:technical/using/ragnarok": {
    "criteria": {
      "log_spam_fixer": "2024-06-19 02:31:22 +0000"
    },
    "done": false
  },
  "incendium:technical/using/trailblazer": {
    "criteria": {
      "log_spam_fixer": "2024-06-19 02:31:22 +0000"
    },
    "done": false
  },
  "minecraft:adventure/adventuring_time": {
    "criteria": {
      "minecraft:taiga": "2024-06-19 03:52:57 +0000",
      "minecraft:birch_forest": "2024-06-19 03:52:50 +0000",
      "minecraft:bamboo_jungle": "2024-06-19 04:01:14 +0000",
      "minecraft:beach": "2024-06-19 02:31:22 +0000",
      "minecraft:lukewarm_ocean": "2024-06-19 02:56:50 +0000",
      "minecraft:river": "2024-06-19 02:52:42 +0000",
      "minecraft:stony_shore": "2024-06-19 04:00:10 +0000",
      "minecraft:forest": "2024-06-19 03:40:45 +0000",
      "minecraft:desert": "2024-06-19 03:11:47 +0000",
      "minecraft:jungle": "2024-06-19 03:58:40 +0000",
      "minecraft:ocean": "2024-06-19 04:01:57 +0000",
      "minecraft:old_growth_birch_forest": "2024-06-19 03:32:58 +0000"
    },
    "done": false
  },
  "incendium:technical/using/shield": {
    "criteria": {
      "log_spam_fixer": "2024-06-19 02:31:22 +0000"
    },
    "done": false
  },
  "tombstone:adventure/root": {
    "criteria": {
      "auto": "2024-06-19 02:31:22 +0000"
    },
    "done": true
  },
  "regions_unexplored:parent": {
    "criteria": {
      "load_in_world": "2024-06-19 02:31:22 +0000"
    },
    "done": true
  },
  "biomesoplenty:biomesoplenty/root": {
    "criteria": {
      "woodland": "2024-06-19 02:33:47 +0000"
    },
    "done": true
  },
  "biomesoplenty:biomesoplenty/all_biomes": {
    "criteria": {
      "woodland": "2024-06-19 02:33:47 +0000",
      "highland": "2024-06-19 03:33:43 +0000",
      "clover_patch": "2024-06-19 03:33:41 +0000",
      "orchard": "2024-06-19 03:36:28 +0000",
      "wasteland": "2024-06-19 03:19:34 +0000",
      "redwood_forest": "2024-06-19 03:43:15 +0000",
      "seasonal_forest": "2024-06-19 03:44:23 +0000",
      "volcanic_plains": "2024-06-19 03:10:05 +0000",
      "rainforest": "2024-06-19 02:52:41 +0000"
    },
    "done": false
  },
  "farmersdelight:main/root": {
    "criteria": {
      "seeds": "2024-06-19 02:33:58 +0000"
    },
    "done": true
  },
  "create:root": {
    "criteria": {
      "0": "2024-06-19 02:33:58 +0000"
    },
    "done": true
  },
  "bakery:main/root": {
    "criteria": {
      "seeds": "2024-06-19 02:33:58 +0000"
    },
    "done": true
  },
  "irons_spellbooks:irons_spellbooks/spell_book_diamond": {
    "criteria": {
      "requirement": "2024-06-19 02:34:21 +0000"
    },
    "done": true
  },
  "irons_spellbooks:irons_spellbooks/root": {
    "criteria": {
      "inscription_table": "2024-06-19 02:41:02 +0000"
    },
    "done": true
  },
  "irons_spellbooks:make_inscription_table": {
    "criteria": {
      "inscription_table": "2024-06-19 02:41:02 +0000"
    },
    "done": true
  },
  "irons_spellbooks:irons_spellbooks/make_inscription_table": {
    "criteria": {
      "inscription_table": "2024-06-19 02:41:02 +0000"
    },
    "done": true
  },
  "irons_spellbooks:irons_spellbooks/spell_book_equip": {
    "criteria": {
      "requirement": "2024-06-19 02:41:16 +0000"
    },
    "done": true
  },
  "depthcrawler:tenebrisadvance": {
    "criteria": {
      "tenebrisadvance": "2024-06-19 02:48:31 +0000"
    },
    "done": true
  },
  "alexscaves:alexscaves/nuclear_bomb": {
    "criteria": {
      "nuclear_bomb": "2024-06-19 02:52:03 +0000"
    },
    "done": true
  },
  "alexscaves:alexscaves/ride_nuclear_bomb": {
    "criteria": {
      "ride_a_boat_with_a_goat": "2024-06-19 02:52:13 +0000"
    },
    "done": true
  },
  "minecraft:story/mine_stone": {
    "criteria": {
      "get_stone": "2024-06-19 02:55:48 +0000"
    },
    "done": true
  },
  "minecraft:husbandry/root": {
    "criteria": {
      "consumed_item": "2024-06-19 02:55:48 +0000"
    },
    "done": true
  },
  "mca:recipes/misc/family_tree": {
    "criteria": {
      "has_item": "2024-06-19 02:55:57 +0000"
    },
    "done": true
  },
  "farmersdelight:main/place_campfire": {
    "criteria": {
      "campfire": "2024-06-19 02:58:05 +0000"
    },
    "done": true
  },
  "alexscaves:alexscaves/hatch_tremorzilla_egg": {
    "criteria": {
      "hatch_tremorzilla_egg": "2024-06-19 02:59:23 +0000"
    },
    "done": true
  },
  "morevillagers:all_workstations_get": {
    "criteria": {
      "barrel": "2024-06-19 02:59:28 +0000"
    },
    "done": false
  },
  "morevillagers:first_workstation_get": {
    "criteria": {
      "barrel": "2024-06-19 02:59:28 +0000"
    },
    "done": true
  },
  "alexscaves:alexscaves/uranium": {
    "criteria": {
      "uranium": "2024-06-19 03:00:13 +0000"
    },
    "done": true
  },
  "minecraft:adventure/root": {
    "criteria": {
      "killed_something": "2024-06-19 03:03:42 +0000"
    },
    "done": true
  },
  "minecraft:husbandry/tame_an_animal": {
    "criteria": {
      "tamed_animal": "2024-06-19 03:05:37 +0000"
    },
    "done": true
  },
  "alexscaves:alexscaves/tame_tremorzilla": {
    "criteria": {
      "killed": "2024-06-19 03:05:37 +0000"
    },
    "done": true
  },
  "burnt:pyromaniac": {
    "criteria": {
      "pyromaniac_0": "2024-06-19 03:09:52 +0000"
    },
    "done": true
  },
  "incendium:technical/sentrys_wrath": {
    "criteria": {
      "log_spam_fixer": "2024-06-19 04:02:42 +0000"
    },
    "done": false
  },
  "incendium:technical/inventory/sentrys_wrath": {
    "criteria": {
      "log_spam_fixer": "2024-06-19 04:02:42 +0000"
    },
    "done": false
  },
  "incendium:technical/multiplex_crossbow": {
    "criteria": {
      "log_spam_fixer": "2024-06-19 04:02:42 +0000"
    },
    "done": false
  },
  "incendium:technical/feed_ghastling": {
    "criteria": {
      "log_spam_fixer": "2024-06-19 04:02:42 +0000"
    },
    "done": false
  },
  "incendium:technical/on_inventory_change": {
    "criteria": {
      "log_spam_fixer": "2024-06-19 04:02:42 +0000"
    },
    "done": false
  },
  "incendium:technical/on_player_hurt": {
    "criteria": {
      "log_spam_fixer": "2024-06-19 04:02:42 +0000"
    },
    "done": false
  },
  "incendium:technical/firestorm": {
    "criteria": {
      "log_spam_fixer": "2024-06-19 04:02:42 +0000"
    },
    "done": false
  },
  "incendium:technical/holy_wrath": {
    "criteria": {
      "log_spam_fixer": "2024-06-19 04:02:42 +0000"
    },
    "done": false
  },
  "incendium:technical/on_block": {
    "criteria": {
      "log_spam_fixer": "2024-06-19 04:02:42 +0000"
    },
    "done": false
  },
  "incendium:technical/inventory/firestorm": {
    "criteria": {
      "log_spam_fixer": "2024-06-19 04:02:42 +0000"
    },
    "done": false
  },
  "incendium:technical/give_ghastling": {
    "criteria": {
      "log_spam_fixer": "2024-06-19 04:02:42 +0000"
    },
    "done": false
  },
  "incendium:technical/on_kill": {
    "criteria": {
      "log_spam_fixer": "2024-06-19 04:02:42 +0000"
    },
    "done": false
  },
  "stellarity:end_city/super_sonic": {
    "criteria": {
      "fly": "2024-06-19 03:13:31 +0000"
    },
    "done": true
  },
  "enlightened_end:ihavebecomedeath": {
    "criteria": {
      "ihavebecomedeath": "2024-06-19 03:32:12 +0000"
    },
    "done": true
  },
  "burnt:enter_geothermal": {
    "criteria": {
      "enter_geothermal_0": "2024-06-19 03:31:09 +0000"
    },
    "done": true
  },
  "tombstone:recipes/from_grave_key": {
    "criteria": {
      "has_ingredient": "2024-06-19 03:56:19 +0000"
    },
    "done": true
  },
  "regions_unexplored:regions_explored": {
    "criteria": {
      "autumnal_maple_forest": "2024-06-19 03:53:16 +0000",
      "grassy_beach": "2024-06-19 03:18:15 +0000",
      "blackwood_taiga": "2024-06-19 03:33:36 +0000",
      "maple_forest": "2024-06-19 03:53:10 +0000",
      "sparse_redwoods": "2024-06-19 03:59:22 +0000",
      "grassland": "2024-06-19 03:16:28 +0000",
      "redwoods": "2024-06-19 03:59:04 +0000",
      "lupine_plains": "2024-06-19 03:33:31 +0000"
    },
    "done": false
  },
  "tombstone:adventure/first_grave": {
    "criteria": {
      "coded_trigger": "2024-06-19 03:56:18 +0000"
    },
    "done": true
  },
  "morevillagers:first_village": {
    "criteria": {
      "taiga": "2024-06-19 03:31:09 +0000"
    },
    "done": true
  },
  "morevillagers:all_villages": {
    "criteria": {
      "taiga": "2024-06-19 03:31:09 +0000"
    },
    "done": false
  },
  "regions_unexplored:pioneer": {
    "criteria": {
      "autumnal_maple_forest": "2024-06-19 03:53:16 +0000",
      "grassy_beach": "2024-06-19 03:18:15 +0000",
      "blackwood_taiga": "2024-06-19 03:33:36 +0000",
      "maple_forest": "2024-06-19 03:53:10 +0000",
      "sparse_redwoods": "2024-06-19 03:59:22 +0000",
      "grassland": "2024-06-19 03:16:28 +0000",
      "redwoods": "2024-06-19 03:59:04 +0000",
      "lupine_plains": "2024-06-19 03:33:31 +0000"
    },
    "done": false
  },
  "alexscaves:alexscaves/root": {
    "criteria": {
      "underground_cabin": "2024-06-19 03:25:40 +0000"
    },
    "done": true
  },
  "tombstone:adventure/use_aquatic_life": {
    "criteria": {
      "has_magic_scroll": "2024-06-19 03:37:07 +0000"
    },
    "done": true
  },
  "minecraft:adventure/kill_all_mobs": {
    "criteria": {
      "minecraft:hoglin": "2024-06-19 03:36:56 +0000",
      "minecraft:wither_skeleton": "2024-06-19 03:37:01 +0000"
    },
    "done": false
  },
  "mca:root": {
    "criteria": {
      "village_taiga": "2024-06-19 03:31:09 +0000"
    },
    "done": true
  },
  "minecraft:adventure/kill_a_mob": {
    "criteria": {
      "minecraft:hoglin": "2024-06-19 03:36:56 +0000"
    },
    "done": true
  },
  "tombstone:recipes/from_grave_dust": {
    "criteria": {
      "has_ingredient": "2024-06-19 03:56:42 +0000"
    },
    "done": true
  },
  "immersivecaves:it_sparkles": {
    "criteria": {
      "it_sparkles_0": "2024-06-19 03:41:30 +0000"
    },
    "done": true
  },
  "dungeons_arise:find_heavenly_rider": {
    "criteria": {
      "location0": "2024-06-19 03:36:34 +0000"
    },
    "done": true
  },
  "tombstone:adventure/cancel_ghostly_shape": {
    "criteria": {
      "coded_trigger": "2024-06-19 03:56:38 +0000"
    },
    "done": true
  },
  "tombstone:adventure/create_magic_scroll": {
    "criteria": {
      "has_magic_scroll": "2024-06-19 03:36:48 +0000"
    },
    "done": true
  },
  "tombstone:adventure/strong_or_careful": {
    "criteria": {
      "coded_trigger": "2024-06-19 03:56:18 +0000"
    },
    "done": true
  },
  "tombstone:adventure/enchant_grave_key": {
    "criteria": {
      "has_upgraded_grave_key": "2024-06-19 04:00:18 +0000"
    },
    "done": true
  },
  "enlightened_end:radiation_advancement": {
    "criteria": {
      "radiation_advancement": "2024-06-19 03:32:35 +0000"
    },
    "done": true
  },
  "tombstone:adventure/first_knowledge": {
    "criteria": {
      "coded_trigger": "2024-06-19 03:37:07 +0000"
    },
    "done": true
  },
  "stellarity:story/obtain_an_ender_pearl": {
    "criteria": {
      "criteria": "2024-06-19 03:56:25 +0000"
    },
    "done": true
  },
  "DataVersion": 3465
}