{
  "born_in_chaos_v1:pieceof_chaos": {
    "criteria": {
      "pieceof_chaos_0": "2024-06-19 03:50:52 +0000"
    },
    "done": true
  },
  "incendium:technical/scroll_of_returning": {
    "criteria": {
      "log_spam_fixer": "2024-06-19 03:25:50 +0000"
    },
    "done": false
  },
  "burnt:enter_geothermal": {
    "criteria": {
      "enter_geothermal_0": "2024-06-19 03:29:38 +0000"
    },
    "done": true
  },
  "morevillagers:root": {
    "criteria": {
      "always": "2024-06-19 03:25:47 +0000"
    },
    "done": true
  },
  "incendium:technical/sentrys_wrath": {
    "criteria": {
      "log_spam_fixer": "2024-06-19 04:00:37 +0000"
    },
    "done": false
  },
  "alexscaves:alexscaves/nuclear_bomb": {
    "criteria": {
      "nuclear_bomb": "2024-06-19 03:45:39 +0000"
    },
    "done": true
  },
  "immersivecaves:hrrrm": {
    "criteria": {
      "hrrrm_0": "2024-06-19 03:42:21 +0000"
    },
    "done": true
  },
  "stellarity:dragons_den/cursed_tome/root": {
    "criteria": {
      "requirement": "2024-06-19 03:25:47 +0000"
    },
    "done": true
  },
  "knize1007:hostilemobs": {
    "criteria": {
      "tick": "2024-06-19 03:25:47 +0000"
    },
    "done": true
  },
  "incendium:technical/inventory/sentrys_wrath": {
    "criteria": {
      "log_spam_fixer": "2024-06-19 04:00:37 +0000"
    },
    "done": false
  },
  "incendium:technical/multiplex_crossbow": {
    "criteria": {
      "log_spam_fixer": "2024-06-19 04:00:37 +0000"
    },
    "done": false
  },
  "incendium:technical/using/ragnarok": {
    "criteria": {
      "log_spam_fixer": "2024-06-19 03:25:50 +0000"
    },
    "done": false
  },
  "dungeons_arise:wda_root": {
    "criteria": {
      "WDA": "2024-06-19 03:25:47 +0000"
    },
    "done": true
  },
  "knize1007:root": {
    "criteria": {
      "tick": "2024-06-19 03:25:47 +0000"
    },
    "done": true
  },
  "tombstone:recipes/from_grave_key": {
    "criteria": {
      "has_ingredient": "2024-06-19 04:00:55 +0000"
    },
    "done": true
  },
  "regions_unexplored:regions_explored": {
    "criteria": {
      "autumnal_maple_forest": "2024-06-19 03:48:37 +0000",
      "grassy_beach": "2024-06-19 04:00:06 +0000",
      "blackwood_taiga": "2024-06-19 03:29:32 +0000",
      "maple_forest": "2024-06-19 03:48:17 +0000",
      "cold_river": "2024-06-19 03:48:35 +0000",
      "gravel_beach": "2024-06-19 03:59:54 +0000"
    },
    "done": false
  },
  "tombstone:adventure/first_grave": {
    "criteria": {
      "coded_trigger": "2024-06-19 04:00:53 +0000"
    },
    "done": true
  },
  "minecraft:story/mine_stone": {
    "criteria": {
      "get_stone": "2024-06-19 03:47:03 +0000"
    },
    "done": true
  },
  "farmersdelight:main/root": {
    "criteria": {
      "seeds": "2024-06-19 03:29:22 +0000"
    },
    "done": true
  },
  "create:root": {
    "criteria": {
      "0": "2024-06-19 03:29:22 +0000"
    },
    "done": true
  },
  "incendium:technical/feed_ghastling": {
    "criteria": {
      "log_spam_fixer": "2024-06-19 04:00:37 +0000"
    },
    "done": false
  },
  "incendium:technical/on_inventory_change": {
    "criteria": {
      "log_spam_fixer": "2024-06-19 04:00:37 +0000"
    },
    "done": false
  },
  "choups_drakvyrn_mod:choups_drakvyrn_mod_advancement": {
    "criteria": {
      "choups_drakvyrn_mod_advancement_0": "2024-06-19 03:25:47 +0000"
    },
    "done": true
  },
  "farmersdelight:main/get_fd_seed": {
    "criteria": {
      "rice": "2024-06-19 03:30:03 +0000"
    },
    "done": true
  },
  "biomesoplenty:biomesoplenty/root": {
    "criteria": {
      "grassland": "2024-06-19 03:30:19 +0000"
    },
    "done": true
  },
  "stellarity:cursed_tome/root": {
    "criteria": {
      "requirement": "2024-06-19 03:25:47 +0000"
    },
    "done": true
  },
  "mca:recipes/misc/potions": {
    "criteria": {
      "has_item": "2024-06-19 03:48:25 +0000"
    },
    "done": true
  },
  "bakery:main/root": {
    "criteria": {
      "seeds": "2024-06-19 03:29:22 +0000"
    },
    "done": true
  },
  "incendium:technical/on_player_hurt": {
    "criteria": {
      "requirement": "2024-06-19 04:00:45 +0000",
      "log_spam_fixer": "2024-06-19 04:00:37 +0000"
    },
    "done": true
  },
  "morevillagers:first_village": {
    "criteria": {
      "taiga": "2024-06-19 03:29:32 +0000"
    },
    "done": true
  },
  "morevillagers:all_villages": {
    "criteria": {
      "taiga": "2024-06-19 03:29:32 +0000"
    },
    "done": false
  },
  "stellarity:end_city/defeat_shulker": {
    "criteria": {
      "defeat_shulkers": "2024-06-19 03:43:30 +0000"
    },
    "done": true
  },
  "regions_unexplored:pioneer": {
    "criteria": {
      "autumnal_maple_forest": "2024-06-19 03:48:37 +0000",
      "grassy_beach": "2024-06-19 04:00:06 +0000",
      "blackwood_taiga": "2024-06-19 03:29:32 +0000",
      "maple_forest": "2024-06-19 03:48:17 +0000",
      "cold_river": "2024-06-19 03:48:35 +0000",
      "gravel_beach": "2024-06-19 03:59:54 +0000"
    },
    "done": false
  },
  "incendium:technical/using/trailblazer": {
    "criteria": {
      "log_spam_fixer": "2024-06-19 03:25:50 +0000"
    },
    "done": false
  },
  "depthcrawler:tenebrisadvance": {
    "criteria": {
      "tenebrisadvance": "2024-06-19 03:38:59 +0000"
    },
    "done": true
  },
  "biomesoplenty:biomesoplenty/all_biomes": {
    "criteria": {
      "woodland": "2024-06-19 04:01:10 +0000",
      "highland": "2024-06-19 03:32:21 +0000",
      "clover_patch": "2024-06-19 03:30:31 +0000",
      "spider_nest": "2024-06-19 03:47:37 +0000",
      "redwood_forest": "2024-06-19 03:47:13 +0000",
      "seasonal_forest": "2024-06-19 03:43:38 +0000",
      "volcanic_plains": "2024-06-19 04:02:10 +0000",
      "grassland": "2024-06-19 03:30:19 +0000",
      "rainforest": "2024-06-19 04:01:38 +0000"
    },
    "done": false
  },
  "minecraft:adventure/root": {
    "criteria": {
      "killed_something": "2024-06-19 03:41:51 +0000"
    },
    "done": true
  },
  "stellarity:dragons_den/cursed_tome/items/unlock_shulker_things": {
    "criteria": {
      "requirement": "2024-06-19 03:43:31 +0000"
    },
    "done": true
  },
  "minecraft:adventure/kill_all_mobs": {
    "criteria": {
      "minecraft:spider": "2024-06-19 03:42:07 +0000",
      "minecraft:wither_skeleton": "2024-06-19 03:42:57 +0000",
      "minecraft:shulker": "2024-06-19 03:43:30 +0000",
      "minecraft:stray": "2024-06-19 03:42:08 +0000",
      "minecraft:zombie": "2024-06-19 03:41:51 +0000"
    },
    "done": false
  },
  "mca:root": {
    "criteria": {
      "village_taiga": "2024-06-19 03:29:32 +0000"
    },
    "done": true
  },
  "depthcrawler:vorpissadvance": {
    "criteria": {
      "vorpissadvance": "2024-06-19 03:39:01 +0000"
    },
    "done": true
  },
  "travelersbackpack:standard_from_custom": {
    "criteria": {
      "has_the_recipe": "2024-06-19 03:25:47 +0000"
    },
    "done": true
  },
  "mca:recipes/building_blocks/headstones": {
    "criteria": {
      "has_the_slanted_recipe": "2024-06-19 03:25:47 +0000"
    },
    "done": true
  },
  "born_in_chaos_v1:dismantledto_bones": {
    "criteria": {
      "dismantledto_bones_0": "2024-06-19 03:52:05 +0000"
    },
    "done": true
  },
  "minecraft:adventure/kill_a_mob": {
    "criteria": {
      "minecraft:zombie": "2024-06-19 03:41:51 +0000"
    },
    "done": true
  },
  "incendium:technical/firestorm": {
    "criteria": {
      "log_spam_fixer": "2024-06-19 04:00:37 +0000"
    },
    "done": false
  },
  "stellarity:cursed_tome/shulker_things": {
    "criteria": {
      "requirement": "2024-06-19 03:43:31 +0000"
    },
    "done": true
  },
  "minecraft:adventure/adventuring_time": {
    "criteria": {
      "minecraft:beach": "2024-06-19 03:25:50 +0000",
      "minecraft:lukewarm_ocean": "2024-06-19 04:01:27 +0000",
      "minecraft:river": "2024-06-19 03:30:22 +0000",
      "minecraft:stony_shore": "2024-06-19 03:58:50 +0000",
      "minecraft:forest": "2024-06-19 03:40:10 +0000"
    },
    "done": false
  },
  "incendium:technical/holy_wrath": {
    "criteria": {
      "log_spam_fixer": "2024-06-19 04:00:37 +0000"
    },
    "done": false
  },
  "immersivecaves:it_sparkles": {
    "criteria": {
      "it_sparkles_0": "2024-06-19 03:40:54 +0000"
    },
    "done": true
  },
  "incendium:technical/on_block": {
    "criteria": {
      "log_spam_fixer": "2024-06-19 04:00:37 +0000"
    },
    "done": false
  },
  "mca:recipes/misc/needle_and_thread": {
    "criteria": {
      "has_item": "2024-06-19 03:42:08 +0000"
    },
    "done": true
  },
  "born_in_chaos_v1:dark_metallurgy": {
    "criteria": {
      "dark_metallurgy_0": "2024-06-19 03:49:07 +0000"
    },
    "done": true
  },
  "incendium:technical/using/shield": {
    "criteria": {
      "log_spam_fixer": "2024-06-19 03:25:50 +0000"
    },
    "done": false
  },
  "minecraft:husbandry/root": {
    "criteria": {
      "consumed_item": "2024-06-19 03:42:44 +0000"
    },
    "done": true
  },
  "incendium:technical/inventory/firestorm": {
    "criteria": {
      "log_spam_fixer": "2024-06-19 04:00:37 +0000"
    },
    "done": false
  },
  "born_in_chaos_v1:bornin_chaos": {
    "criteria": {
      "bornin_chaos_0": "2024-06-19 03:25:47 +0000"
    },
    "done": true
  },
  "tombstone:adventure/root": {
    "criteria": {
      "auto": "2024-06-19 03:25:50 +0000"
    },
    "done": true
  },
  "cataclysm:root": {
    "criteria": {
      "custom_test_name": "2024-06-19 03:25:47 +0000"
    },
    "done": true
  },
  "irons_spellbooks:grant_patchouli": {
    "criteria": {
      "tick": "2024-06-19 03:25:47 +0000"
    },
    "done": true
  },
  "immersivecaves:immersive_caves": {
    "criteria": {
      "immersive_caves_0": "2024-06-19 03:25:47 +0000"
    },
    "done": true
  },
  "regions_unexplored:parent": {
    "criteria": {
      "load_in_world": "2024-06-19 03:25:50 +0000"
    },
    "done": true
  },
  "burnt:pyromaniac": {
    "criteria": {
      "pyromaniac_0": "2024-06-19 03:56:31 +0000"
    },
    "done": true
  },
  "incendium:technical/new_player": {
    "criteria": {
      "requirement": "2024-06-19 03:25:47 +0000"
    },
    "done": true
  },
  "incendium:technical/give_ghastling": {
    "criteria": {
      "log_spam_fixer": "2024-06-19 04:00:37 +0000"
    },
    "done": false
  },
  "incendium:technical/on_kill": {
    "criteria": {
      "log_spam_fixer": "2024-06-19 04:00:37 +0000"
    },
    "done": false
  },
  "DataVersion": 3465
}